<?xml version="1.0" encoding="UTF-8"?>
<project-private xmlns="http://www.netbeans.org/ns/project-private/1">
    <editor-bookmarks xmlns="http://www.netbeans.org/ns/editor-bookmarks/2" lastBookmarkId="0"/>
    <open-files xmlns="http://www.netbeans.org/ns/projectui-open-files/2">
        <group>
            <file>file:/Users/sofiacorreales/Desktop/Prueba1%203/web/index1Adm.html</file>
            <file>file:/Users/sofiacorreales/Desktop/Prueba1%203/src/java/RegistroAdmServlet.java</file>
            <file>file:/Users/sofiacorreales/Desktop/Prueba1%203/web/index.html</file>
            <file>file:/Users/sofiacorreales/Desktop/Prueba1%203/web/index1Sup.html</file>
            <file>file:/Users/sofiacorreales/Desktop/Prueba1%203/web/index3Cli.html</file>
            <file>file:/Users/sofiacorreales/Desktop/Prueba1%203/web/index2Adm.html</file>
            <file>file:/Users/sofiacorreales/Desktop/Prueba1%203/web/index2Cli.html</file>
            <file>file:/Users/sofiacorreales/Desktop/Prueba1%203/web/index2Sup.html</file>
            <file>file:/Users/sofiacorreales/Desktop/Prueba1%203/web/index4Sup.html</file>
            <file>file:/Users/sofiacorreales/Desktop/Prueba1%203/web/index_4.jsp</file>
            <file>file:/Users/sofiacorreales/Desktop/Prueba1%203/web/index1Cli.html</file>
            <file>file:/Users/sofiacorreales/Desktop/Prueba1%203/web/index4Cli.html</file>
        </group>
    </open-files>
</project-private>
